-- phpMyAdmin SQL Dump
-- version 5.2.1
-- https://www.phpmyadmin.net/
--
-- Servidor: 127.0.0.1
-- Tiempo de generación: 06-12-2024 a las 19:58:51
-- Versión del servidor: 10.4.32-MariaDB
-- Versión de PHP: 8.2.12

SET SQL_MODE = "NO_AUTO_VALUE_ON_ZERO";
START TRANSACTION;
SET time_zone = "+00:00";


/*!40101 SET @OLD_CHARACTER_SET_CLIENT=@@CHARACTER_SET_CLIENT */;
/*!40101 SET @OLD_CHARACTER_SET_RESULTS=@@CHARACTER_SET_RESULTS */;
/*!40101 SET @OLD_COLLATION_CONNECTION=@@COLLATION_CONNECTION */;
/*!40101 SET NAMES utf8mb4 */;

--
-- Base de datos: `gestion_eventos`
--
CREATE DATABASE IF NOT EXISTS `gestion_eventos` DEFAULT CHARACTER SET utf8mb4 COLLATE utf8mb4_general_ci;
USE `gestion_eventos`;

-- --------------------------------------------------------

--
-- Estructura de tabla para la tabla `asistente`
--

CREATE TABLE `asistente` (
  `idAsistente` int(11) NOT NULL,
  `nombre` varchar(50) NOT NULL,
  `domicilio` varchar(50) NOT NULL,
  `email` varchar(30) NOT NULL,
  `password` varchar(255) NOT NULL,
  `rol` varchar(15) NOT NULL,
  `estado` tinyint(1) NOT NULL
) ENGINE=InnoDB DEFAULT CHARSET=utf8mb4 COLLATE=utf8mb4_general_ci;

--
-- Volcado de datos para la tabla `asistente`
--

INSERT INTO `asistente` (`idAsistente`, `nombre`, `domicilio`, `email`, `password`, `rol`, `estado`) VALUES
(1, 'Patricia Baigorria', 'La Ribera M°7190 C°14', 'patobaigorria@gmail.com', '$2b$05$o6BQQeVA7q42/rHrqEDURu74wTucsgST3je2XBb/uufqpKvOlkJby', 'Organizador', 1),
(2, 'Jorge Ezequiel Diaz', 'B° Cerro de la Cruz M° 265 C° 10', 'diazezequiel777@gmail.com', '$2b$05$o6BQQeVA7q42/rHrqEDURu74wTucsgST3je2XBb/uufqpKvOlkJby', 'Organizador', 1),
(3, 'Mateo Fernandes', 'Av. Libertador 1234, Buenos Aires', 'mateo.fernandez@gmail.com', '$2b$05$o6BQQeVA7q42/rHrqEDURu74wTucsgST3je2XBb/uufqpKvOlkJby', 'Asistente', 1),
(4, 'Lucia Gomez', 'Calle San Martin 456, Rosario', 'lucia.gomez@yahoo.com.ar', '$2b$05$o6BQQeVA7q42/rHrqEDURu74wTucsgST3je2XBb/uufqpKvOlkJby', 'Asistente', 1),
(5, 'Tomas Rodriguez', 'Calle Mitre 789, Mendoza', 'tomas.rodriguez@outlook.com', '$2b$05$o6BQQeVA7q42/rHrqEDURu74wTucsgST3je2XBb/uufqpKvOlkJby', 'Organizador', 1),
(6, 'Camila Lopez', 'Av. Belgrano 1011, Cordoba', 'camila.lopez@hotmail.com', '$2b$05$o6BQQeVA7q42/rHrqEDURu74wTucsgST3je2XBb/uufqpKvOlkJby', 'Asistente', 1),
(7, 'Joaquin Alvarez', 'Calle Rivadavia 1213, Salta', 'joaquin.alvarez@gmail.com', '$2b$05$o6BQQeVA7q42/rHrqEDURu74wTucsgST3je2XBb/uufqpKvOlkJby', 'Asistente', 1),
(8, 'Sofia Perez', 'Calle Colon 1415, Posadas', 'sofia.perez@yahoo.com.ar', '$2b$05$o6BQQeVA7q42/rHrqEDURu74wTucsgST3je2XBb/uufqpKvOlkJby', 'Organizador', 1),
(9, 'Federico Sanchez', 'Av. Sarmiento 1617, La Plata', 'federico.sanchez@outlook.com', '$2b$05$o6BQQeVA7q42/rHrqEDURu74wTucsgST3je2XBb/uufqpKvOlkJby', 'Asistente', 1),
(10, 'Valentina Ramirez', 'Calle Urquiza 1819, Bariloche', 'valentina.ramirez@hotmail.com', '$2b$05$o6BQQeVA7q42/rHrqEDURu74wTucsgST3je2XBb/uufqpKvOlkJby', 'Asistente', 1),
(11, 'Nicolas Fernandez', 'Calle Mendoza 2021, Mar del Plata', 'nicolas.fernandez@gmail.com', '$2b$05$o6BQQeVA7q42/rHrqEDURu74wTucsgST3je2XBb/uufqpKvOlkJby', 'Organizador', 1),
(12, 'Julieta Gonzalez', 'Av. 9 de Julio 2223, Neuquen', 'julieta.gonzalez@yahoo.com.ar', '$2b$05$o6BQQeVA7q42/rHrqEDURu74wTucsgST3je2XBb/uufqpKvOlkJby', 'Organizador', 1),
(13, 'Agustin Herrera', 'Calle Independencia 2425, San Juan', 'agustin.herrera@outlook.com', '$2b$05$o6BQQeVA7q42/rHrqEDURu74wTucsgST3je2XBb/uufqpKvOlkJby', 'Organizador', 1),
(14, 'Florencia Castro', 'Calle Moreno 2627, Tucuman', 'florencia.castro@hotmail.com', '$2b$05$o6BQQeVA7q42/rHrqEDURu74wTucsgST3je2XBb/uufqpKvOlkJby', 'Asistente', 1),
(15, 'Gonzalo Mendez', 'Av. Roca 2829, Santa Fe', 'gonzalo.mendez@gmail.com', '$2b$05$o6BQQeVA7q42/rHrqEDURu74wTucsgST3je2XBb/uufqpKvOlkJby', 'Asistente', 1),
(16, 'Martina Dominguez', 'Calle Pellegrini 3031, Jujuy', 'martina.dominguez@yahoo.com.ar', '$2b$05$o6BQQeVA7q42/rHrqEDURu74wTucsgST3je2XBb/uufqpKvOlkJby', 'Asistente', 1),
(17, 'Santiago Ruiz', 'Calle Maipu 3233, Formosa', 'santiago.ruiz@outlook.com', '$2b$05$o6BQQeVA7q42/rHrqEDURu74wTucsgST3je2XBb/uufqpKvOlkJby', 'Asistente', 1),
(18, 'Lautaro Blanco', 'Av. San Juan 3435, Chaco', 'lautaro.blanco@hotmail.com', '$2b$05$o6BQQeVA7q42/rHrqEDURu74wTucsgST3je2XBb/uufqpKvOlkJby', 'Organizador', 1),
(19, 'Milagros Ortiz', 'Calle Lavalle 3637, Catamarca', 'milagros.ortiz@gmail.com', '$2b$05$o6BQQeVA7q42/rHrqEDURu74wTucsgST3je2XBb/uufqpKvOlkJby', 'Asistente', 1),
(20, 'Bruno Iglesias', 'Calle San Lorenzo 3839, Entre Rios', 'bruno.iglesias@yahoo.com.ar', '$2b$05$o6BQQeVA7q42/rHrqEDURu74wTucsgST3je2XBb/uufqpKvOlkJby', 'Organizador', 1),
(21, 'Carla Vazquez', 'Calle Corrientes 4041, Rio Negro', 'carla.vazquez@outlook.com', '$2b$05$o6BQQeVA7q42/rHrqEDURu74wTucsgST3je2XBb/uufqpKvOlkJby', 'Asistente', 1),
(22, 'Lucas Navarro', 'Calle Salta 4243, San Luis', 'lucas.navarro@hotmail.com', '$2b$05$o6BQQeVA7q42/rHrqEDURu74wTucsgST3je2XBb/uufqpKvOlkJby', 'Organizador', 1),
(23, 'Emilia Alvarez', 'Calle Jujuy 1234, La Rioja', 'emilia.alvarez@gmail.com', '$2b$05$o6BQQeVA7q42/rHrqEDURu74wTucsgST3je2XBb/uufqpKvOlkJby', 'Asistente', 0),
(24, 'Leonardo Castro', 'Calle Roca 5678, Corrientes', 'leonardo.castro@yahoo.com.ar', '$2b$05$o6BQQeVA7q42/rHrqEDURu74wTucsgST3je2XBb/uufqpKvOlkJby', 'Organizador', 1),
(25, 'Micaela Romero', 'Av. Peron 2345, Tierra del Fuego', 'micaela.romero@outlook.com', '$2b$05$o6BQQeVA7q42/rHrqEDURu74wTucsgST3je2XBb/uufqpKvOlkJby', 'Asistente', 0),
(26, 'Sebastian Herrera', 'Calle Sarmiento 6789, Chubut', 'sebastian.herrera@hotmail.com', '$2b$05$o6BQQeVA7q42/rHrqEDURu74wTucsgST3je2XBb/uufqpKvOlkJby', 'Organizador', 1),
(27, 'Isabella Ruiz', 'Calle Las Heras 123, Santa Cruz', 'isabella.ruiz@gmail.com', '$2b$05$o6BQQeVA7q42/rHrqEDURu74wTucsgST3je2XBb/uufqpKvOlkJby', 'Asistente', 1),
(28, 'Benjamin Diaz', 'Av. Mitre 7890, Entre Ríos', 'benjamin.diaz@yahoo.com.ar', '$2b$05$o6BQQeVA7q42/rHrqEDURu74wTucsgST3je2XBb/uufqpKvOlkJby', 'Organizador', 0),
(29, 'Olivia Medina', 'Calle San Martin 567, Neuquén', 'olivia.medina@outlook.com', '$2b$05$o6BQQeVA7q42/rHrqEDURu74wTucsgST3je2XBb/uufqpKvOlkJby', 'Asistente', 1),
(30, 'Facundo Rojas', 'Calle Pellegrini 456, San Juan', 'facundo.rojas@hotmail.com', '$2b$05$o6BQQeVA7q42/rHrqEDURu74wTucsgST3je2XBb/uufqpKvOlkJby', 'Asistente', 1),
(31, 'Daniela Vargas', 'Av. 9 de Julio 123, Salta', 'daniela.vargas@gmail.com', '$2b$05$o6BQQeVA7q42/rHrqEDURu74wTucsgST3je2XBb/uufqpKvOlkJby', 'Organizador', 0),
(32, 'Lorenzo Lopez', 'Calle Maipú 987, Córdoba', 'lorenzo.lopez@yahoo.com.ar', '$2b$05$o6BQQeVA7q42/rHrqEDURu74wTucsgST3je2XBb/uufqpKvOlkJby', 'Asistente', 1),
(33, 'Camila Silva', 'Calle Independencia 678, Tucumán', 'camila.silva@outlook.com', '$2b$05$o6BQQeVA7q42/rHrqEDURu74wTucsgST3je2XBb/uufqpKvOlkJby', 'Organizador', 1),
(34, 'Ignacio Morales', 'Calle Colon 345, Catamarca', 'ignacio.morales@hotmail.com', '$2b$05$o6BQQeVA7q42/rHrqEDURu74wTucsgST3je2XBb/uufqpKvOlkJby', 'Asistente', 0),
(35, 'Lola Gonzalez', 'Av. Belgrano 1234, Buenos Aires', 'lola.gonzalez@gmail.com', '$2b$05$o6BQQeVA7q42/rHrqEDURu74wTucsgST3je2XBb/uufqpKvOlkJby', 'Asistente', 1),
(36, 'Tomás Ortega', 'Calle Rivadavia 5678, Mendoza', 'tomas.ortega@yahoo.com.ar', '$2b$05$o6BQQeVA7q42/rHrqEDURu74wTucsgST3je2XBb/uufqpKvOlkJby', 'Organizador', 1),
(37, 'Santiago Pérez', 'Calle Las Heras 234, Misiones', 'santiago.perez@outlook.com', '$2b$05$o6BQQeVA7q42/rHrqEDURu74wTucsgST3je2XBb/uufqpKvOlkJby', 'Asistente', 1),
(38, 'Valeria Juarez', 'Calle Urquiza 789, Santa Fe', 'valeria.juarez@hotmail.com', '$2b$05$o6BQQeVA7q42/rHrqEDURu74wTucsgST3je2XBb/uufqpKvOlkJby', 'Asistente', 0),
(39, 'Bruno Figueroa', 'Av. San Juan 456, San Luis', 'bruno.figueroa@gmail.com', '$2b$05$o6BQQeVA7q42/rHrqEDURu74wTucsgST3je2XBb/uufqpKvOlkJby', 'Organizador', 1),
(40, 'Julia Torres', 'Calle Lavalle 123, Jujuy', 'julia.torres@yahoo.com.ar', '$2b$05$o6BQQeVA7q42/rHrqEDURu74wTucsgST3je2XBb/uufqpKvOlkJby', 'Asistente', 1),
(41, 'Leandro Correa', 'Calle Moreno 456, Chaco', 'leandro.correa@outlook.com', '$2b$05$o6BQQeVA7q42/rHrqEDURu74wTucsgST3je2XBb/uufqpKvOlkJby', 'Organizador', 1),
(42, 'Julieta Martinez', 'Calle Corrientes 789, Corrientes', 'julieta.martinez@hotmail.com', '$2b$05$o6BQQeVA7q42/rHrqEDURu74wTucsgST3je2XBb/uufqpKvOlkJby', 'Asistente', 0),
(43, 'Gustavo Vera', 'Calle Colon 123, Río Negro', 'gustavo.vera@gmail.com', '$2b$05$o6BQQeVA7q42/rHrqEDURu74wTucsgST3je2XBb/uufqpKvOlkJby', 'Asistente', 1),
(44, 'Luciana Gómez', 'Calle Belgrano 456, Salta', 'luciana.gomez@yahoo.com.ar', '$2b$05$o6BQQeVA7q42/rHrqEDURu74wTucsgST3je2XBb/uufqpKvOlkJby', 'Organizador', 0),
(45, 'Nicolás Cáceres', 'Av. Libertador 789, La Plata', 'nicolas.caceres@outlook.com', '$2b$05$o6BQQeVA7q42/rHrqEDURu74wTucsgST3je2XBb/uufqpKvOlkJby', 'Asistente', 1),
(46, 'Melina Ferreyra', 'Calle Entre Ríos 456, Santa Cruz', 'melina.ferreyra@hotmail.com', '$2b$05$o6BQQeVA7q42/rHrqEDURu74wTucsgST3je2XBb/uufqpKvOlkJby', 'Asistente', 1),
(47, 'Enzo Muñoz', 'Calle Roca 123, Misiones', 'enzo.munoz@gmail.com', '$2b$05$o6BQQeVA7q42/rHrqEDURu74wTucsgST3je2XBb/uufqpKvOlkJby', 'Organizador', 1),
(48, 'Antonella Carrizo', 'Calle Mitre 789, Chubut', 'antonella.carrizo@yahoo.com.ar', '$2b$05$o6BQQeVA7q42/rHrqEDURu74wTucsgST3je2XBb/uufqpKvOlkJby', 'Asistente', 0),
(49, 'Valentín Nuñez', 'Calle Rivadavia 456, La Rioja', 'valentin.nunez@outlook.com', '$2b$05$o6BQQeVA7q42/rHrqEDURu74wTucsgST3je2XBb/uufqpKvOlkJby', 'Asistente', 1),
(50, 'Florencia Medina', 'Calle Urquiza 123, Mendoza', 'florencia.medina@hotmail.com', '$2b$05$o6BQQeVA7q42/rHrqEDURu74wTucsgST3je2XBb/uufqpKvOlkJby', 'Asistente', 1),
(54, 'Asistente', 'Av. Asistente 123456', 'a@a.com', '$2b$05$ITFNiq8LnmhKjDIB4Mc75uTyx4Obji0lUmqZ42.R5bIQKStdhw6Ui', 'Asistente', 1),
(56, 'Sergio Perez', 'Sergio 1234', 'sergio@gmail.com', '$2b$05$tzsgMTxqrk9tjIjo25t7Pe4er8LzIR/zEDG/ypoJpTXCl2Rra0okO', 'Asistente', 1);

-- --------------------------------------------------------

--
-- Estructura de tabla para la tabla `evento`
--

CREATE TABLE `evento` (
  `idEvento` int(11) NOT NULL,
  `nombre` varchar(50) NOT NULL,
  `fecha` date NOT NULL,
  `ubicacion` varchar(50) NOT NULL,
  `descripcion` varchar(255) NOT NULL
) ENGINE=InnoDB DEFAULT CHARSET=utf8mb4 COLLATE=utf8mb4_general_ci;

--
-- Volcado de datos para la tabla `evento`
--

INSERT INTO `evento` (`idEvento`, `nombre`, `fecha`, `ubicacion`, `descripcion`) VALUES
(1, 'Feria del Libro Buenos Aires', '2024-12-01', 'La Rural, CABA', 'La feria literaria más importante de Argentina, con participación de escritores nacionales e internacionales.'),
(2, 'Festival Nacional de Folklore', '2025-01-10', 'Plaza Próspero Molina, Cosquín, Córdoba', 'Evento musical que reúne a los mayores exponentes del folklore argentino.'),
(3, 'Congreso Internacional de Tecnología', '2024-12-10', 'Centro de Convenciones, Mendoza', 'Evento que reúne a expertos en tecnología y startups para debatir sobre innovación.'),
(4, 'Maratón Internacional de Buenos Aires', '2025-03-20', 'Avenida Figueroa Alcorta, CABA', 'Competencia internacional que reúne a corredores profesionales y amateurs de todo el mundo.'),
(5, 'Festival de Cine Independiente', '2025-01-15', 'Cine Gaumont, CABA', 'Exhibición de películas independientes con la participación de nuevos directores.'),
(6, 'ExpoAgro Argentina', '2025-03-12', 'San Nicolás, Buenos Aires', 'La exposición agroindustrial más grande de Argentina, con stands de maquinaria agrícola y tecnología.'),
(7, 'Encuentro Nacional de Artesanos', '2025-04-14', 'Plaza Independencia, San Miguel de Tucumán', 'Reunión de artesanos de todo el país para exhibir y vender sus productos.'),
(8, 'evento para borrar', '2024-12-29', 'La Toma', 'La confirmación de mi primo'),
(9, 'Festival Internacional de Tango', '2025-03-01', 'Usina del Arte, CABA', 'Competencia internacional que celebra el tango con bailarines de todo el mundo.'),
(10, 'Feria Gastronómica Sabores del Norte', '2025-02-18', 'Salta Capital', 'Evento gastronómico que ofrece degustaciones de platos típicos del norte argentino.'),
(11, 'Simposio de Educación Digital', '2025-04-10', 'Universidad Nacional del Litoral, Santa Fe', 'Evento académico centrado en el uso de la tecnología en la educación.'),
(12, 'Conferencia de Energías Renovables', '2025-05-12', 'Centro de Convenciones, Neuquén', 'Debate sobre el desarrollo de fuentes de energía renovables en Argentina.'),
(13, 'Expo Salud y Bienestar', '2025-04-20', 'La Plata, Buenos Aires', 'Feria dedicada al cuidado de la salud, la nutrición y el fitness.'),
(14, 'Festival Nacional de la Vendimia', '2025-03-05', 'Parque General San Martín, Mendoza', 'Celebración de la cosecha de uvas y producción de vino en Mendoza.'),
(15, 'Encuentro de Colectividades', '2025-03-28', 'Rosario, Santa Fe', 'Evento cultural que celebra la diversidad con gastronomía y espectáculos de diferentes países.'),
(16, 'Exposición Internacional de Diseño', '2025-02-25', 'Córdoba Capital', 'Muestra de diseño industrial, gráfico y de interiores con diseñadores de renombre.'),
(17, 'Jornada Nacional de Turismo', '2025-04-15', 'Bariloche, Río Negro', 'Evento dedicado a la promoción del turismo en la Patagonia argentina.'),
(18, 'Foro de Políticas Públicas', '2025-01-03', 'Casa de Gobierno, CABA', 'Encuentro de funcionarios públicos para debatir sobre políticas sociales y económicas.'),
(19, 'Concierto de Rock Solidario', '2025-02-14', 'Anfiteatro Municipal, Rosario', 'Evento benéfico con bandas de rock locales para recaudar fondos para una ONG.'),
(20, 'Torneo Nacional de Ajedrez', '2025-01-10', 'Club de Ajedrez, Mar del Plata', 'Competencia nacional de ajedrez que reúne a los mejores jugadores del país.'),
(21, 'Festival de Jazz Internacional', '2025-02-10', 'Auditorio Bustelo, Mendoza', 'Evento de jazz que reúne a músicos de Argentina y del extranjero.'),
(22, 'Expo Tecnología Agropecuaria', '2025-03-22', 'Córdoba Capital', 'Exposición de tecnologías aplicadas al campo y la agricultura de precisión.'),
(23, 'Congreso Nacional de Medicina', '2025-01-12', 'Centro de Convenciones, Salta', 'Reunión de profesionales de la salud para debatir avances en medicina.'),
(24, 'Cumbre de Innovación Financiera', '2025-06-08', 'Buenos Aires, CABA', 'Foro sobre fintech, banca digital y criptomonedas en Argentina.'),
(25, 'Festival de Música Electrónica', '2025-04-30', 'Playa Grande, Mar del Plata', 'Fiesta con DJ internacionales y nacionales.'),
(26, 'Feria de Universidades', '2025-03-18', 'Centro Cultural, Rosario', 'Exposición de universidades nacionales e internacionales para estudiantes interesados en carreras terciarias y universitarias.'),
(27, 'Congreso Nacional de Arquitectura', '2025-04-25', 'CABA', 'Congreso anual de arquitectos para compartir nuevos proyectos y tecnologías en el área de la construcción.'),
(28, 'Festival Internacional de Fotografía', '2025-02-02', 'Córdoba Capital', 'Exposición fotográfica que reúne a profesionales y aficionados de todo el país.'),
(29, 'Torneo Abierto de Golf', '2025-03-15', 'Tigre, Buenos Aires', 'Competencia nacional de golf que reúne a jugadores locales e internacionales.'),
(30, 'Hackathon Nacional de Software', '2025-01-30', 'Buenos Aires', 'Competencia intensiva para el desarrollo de aplicaciones innovadoras.'),
(31, 'Feria Internacional de Energía', '2025-04-12', 'Mendoza', 'Evento dedicado a las energías renovables y nuevas tecnologías en el sector energético.'),
(32, 'Encuentro Nacional de Robótica', '2025-03-27', 'La Plata', 'Evento que reúne a desarrolladores y entusiastas de la robótica en Argentina.'),
(33, 'Simposio Internacional de Arte Contemporáneo', '2025-02-11', 'Salta', 'Exposición de arte contemporáneo con artistas nacionales e internacionales.'),
(34, 'Feria Nacional del Libro Infantil', '2025-01-06', 'Centro Cultural Kirchner, CABA', 'Evento dedicado a la literatura infantil con actividades para niños y jóvenes.'),
(35, 'Festival de Danzas Folclóricas', '2025-02-08', 'Plaza 9 de Julio, Salta', 'Celebración de danzas tradicionales de Argentina y países vecinos.'),
(36, 'Encuentro de Emprendedores', '2025-04-05', 'Parque Tecnológico, Córdoba', 'Evento para fomentar el networking y el desarrollo de startups locales.'),
(37, 'Feria Internacional de Turismo', '2025-01-24', 'Centro de Convenciones, Bariloche', 'Evento donde se promocionan destinos turísticos nacionales e internacionales.'),
(38, 'Congreso de Psicología Aplicada', '2025-05-02', 'Universidad de Buenos Aires, CABA', 'Reunión de profesionales y estudiantes para compartir avances en psicología.'),
(39, 'Expo Industria Textil', '2025-02-12', 'Feria Rural de Palermo, CABA', 'Exposición de nuevas tecnologías y tendencias en la industria textil.'),
(40, 'Festival de Música Clásica en las Sierras', '2025-03-10', 'Capilla del Monte, Córdoba', 'Evento que reúne a músicos de música clásica en un entorno natural.'),
(41, 'Encuentro Gastronómico Patagónico', '2025-04-18', 'Puerto Madryn, Chubut', 'Feria gastronómica con los mejores chefs de la Patagonia.'),
(42, 'Conferencia Internacional de Educación', '2025-05-15', 'Santa Fe Capital', 'Debate sobre innovación educativa con expertos de todo el mundo.'),
(43, 'Festival de Teatro Independiente', '2025-01-18', 'Teatro San Martín, CABA', 'Presentación de obras de teatro independiente de diversos géneros.'),
(44, 'Expo Ciencia y Tecnología Juvenil', '2025-03-08', 'Rosario, Santa Fe', 'Feria científica para estudiantes de nivel secundario.'),
(45, 'Competencia de Surf Nacional', '2025-02-22', 'Playa Varese, Mar del Plata', 'Competencia de surf que reúne a los mejores surfistas del país.'),
(46, 'Jornada de Innovación Agropecuaria', '2025-04-28', 'Pergamino, Buenos Aires', 'Evento enfocado en la agricultura sustentable y nuevas tecnologías.'),
(47, 'Torneo de Esports Argentina', '2025-05-20', 'Córdoba Capital', 'Competencia de videojuegos con equipos profesionales y aficionados.'),
(48, 'Festival de Música Indie', '2025-02-05', 'La Trastienda, CABA', 'Evento que reúne a las principales bandas indie de la escena nacional.'),
(49, 'Expo Arte y Diseño Sustentable', '2025-03-14', 'Centro de Exposiciones, Mendoza', 'Feria de arte y diseño enfocados en la sustentabilidad.'),
(50, 'Seminario Internacional de Derechos Humanos', '2025-06-01', 'Universidad Nacional de La Plata, Buenos Aires', 'Encuentro académico sobre derechos humanos y políticas públicas.'),
(51, 'Salto en alto', '2024-12-05', 'San Luis', 'Saaaaltoooo en aaaltooooo'),
(52, 'Salto en alto', '2024-11-30', 'San Luis', 'Saltoooo'),
(57, 'Fiesta de Navidad', '2024-12-25', 'San Luis', 'Fiestaaaaa'),
(58, 'Liberar Hogwarts', '1998-05-02', 'Hogwarts, Inglaterra', 'Matar a Voldemort!!'),
(59, 'Paraper the Rapper', '2024-12-15', 'San Luis', 'Rapero profesionl');

-- --------------------------------------------------------

--
-- Estructura de tabla para la tabla `participacion`
--

CREATE TABLE `participacion` (
  `idParticipacion` int(11) NOT NULL,
  `idAsistente` int(11) NOT NULL,
  `idEvento` int(11) NOT NULL,
  `confirmacion` tinyint(1) NOT NULL
) ENGINE=InnoDB DEFAULT CHARSET=utf8mb4 COLLATE=utf8mb4_general_ci;

--
-- Volcado de datos para la tabla `participacion`
--

INSERT INTO `participacion` (`idParticipacion`, `idAsistente`, `idEvento`, `confirmacion`) VALUES
(1, 22, 1, 0),
(2, 27, 1, 0),
(3, 4, 1, 0),
(4, 6, 1, 0),
(5, 3, 1, 0),
(6, 29, 1, 0),
(7, 39, 1, 0),
(8, 28, 1, 0),
(9, 10, 1, 0),
(10, 18, 1, 0),
(11, 14, 1, 0),
(12, 20, 1, 0),
(13, 16, 1, 0),
(14, 25, 1, 0),
(15, 31, 1, 0),
(16, 17, 2, 0),
(17, 19, 2, 0),
(18, 34, 2, 0),
(20, 14, 2, 0),
(21, 43, 2, 0),
(22, 38, 2, 0),
(23, 6, 2, 0),
(24, 12, 2, 0),
(25, 3, 2, 0),
(26, 50, 2, 0),
(27, 20, 2, 0),
(28, 25, 3, 0),
(29, 18, 3, 0),
(30, 46, 3, 0),
(31, 2, 3, 0),
(32, 35, 3, 0),
(33, 38, 3, 0),
(34, 21, 3, 0),
(35, 24, 3, 0),
(36, 20, 3, 0),
(37, 4, 3, 0),
(38, 9, 3, 0),
(39, 27, 3, 0),
(40, 12, 4, 0),
(41, 16, 4, 0),
(42, 47, 4, 0),
(43, 42, 4, 0),
(44, 10, 4, 0),
(45, 15, 4, 0),
(46, 29, 4, 0),
(47, 34, 4, 0),
(48, 44, 4, 0),
(49, 30, 4, 0),
(50, 48, 4, 0),
(51, 27, 5, 0),
(52, 50, 5, 0),
(53, 7, 5, 0),
(54, 17, 5, 0),
(55, 42, 5, 0),
(56, 19, 5, 0),
(57, 37, 5, 0),
(58, 2, 5, 0),
(59, 20, 5, 0),
(60, 8, 5, 0),
(61, 4, 5, 0),
(62, 36, 5, 0),
(63, 3, 5, 0),
(64, 18, 5, 0),
(65, 34, 6, 0),
(66, 9, 6, 0),
(67, 6, 6, 0),
(68, 10, 6, 0),
(69, 28, 6, 0),
(70, 17, 6, 0),
(71, 11, 6, 0),
(72, 1, 6, 0),
(73, 48, 6, 0),
(74, 38, 6, 0),
(75, 20, 7, 0),
(76, 41, 7, 0),
(77, 47, 7, 0),
(78, 4, 7, 0),
(79, 40, 7, 0),
(80, 14, 7, 0),
(81, 2, 7, 0),
(82, 46, 7, 0),
(83, 17, 7, 0),
(84, 15, 7, 0),
(85, 16, 7, 0),
(86, 11, 7, 0),
(87, 31, 7, 0),
(88, 36, 7, 0),
(89, 42, 7, 0),
(90, 25, 8, 0),
(91, 4, 8, 0),
(92, 9, 8, 0),
(93, 48, 8, 0),
(94, 35, 8, 0),
(95, 6, 8, 0),
(96, 50, 8, 0),
(97, 14, 8, 0),
(98, 8, 8, 0),
(99, 29, 8, 0),
(100, 36, 8, 0),
(101, 44, 8, 0),
(102, 1, 8, 0),
(103, 11, 8, 0),
(104, 24, 9, 0),
(105, 29, 9, 0),
(106, 6, 9, 0),
(107, 1, 9, 0),
(108, 28, 9, 0),
(109, 4, 9, 0),
(110, 43, 9, 0),
(111, 26, 9, 0),
(112, 19, 9, 0),
(113, 9, 9, 0),
(114, 30, 9, 0),
(115, 35, 9, 0),
(116, 21, 9, 0),
(117, 41, 9, 0),
(118, 29, 10, 0),
(119, 43, 10, 0),
(120, 2, 10, 0),
(121, 41, 10, 0),
(122, 39, 10, 0),
(123, 32, 10, 0),
(124, 30, 10, 0),
(125, 8, 10, 0),
(126, 18, 10, 0),
(127, 27, 10, 0),
(128, 40, 10, 0),
(129, 5, 10, 0),
(130, 14, 11, 0),
(131, 10, 11, 0),
(132, 3, 11, 0),
(133, 50, 11, 0),
(134, 38, 11, 0),
(135, 40, 11, 0),
(136, 29, 11, 0),
(137, 1, 11, 0),
(138, 4, 11, 0),
(139, 15, 11, 0),
(140, 14, 12, 0),
(141, 40, 12, 0),
(142, 49, 12, 0),
(143, 32, 12, 0),
(144, 7, 12, 0),
(145, 17, 12, 0),
(146, 25, 12, 0),
(147, 4, 12, 0),
(148, 12, 12, 0),
(149, 20, 12, 0),
(150, 13, 12, 0),
(151, 45, 12, 0),
(152, 15, 13, 0),
(153, 31, 13, 0),
(154, 14, 13, 0),
(155, 6, 13, 0),
(156, 49, 13, 0),
(157, 33, 13, 0),
(158, 44, 13, 0),
(159, 30, 13, 0),
(160, 37, 13, 0),
(161, 7, 13, 0),
(162, 20, 13, 0),
(163, 24, 13, 0),
(164, 27, 13, 0),
(165, 27, 14, 0),
(166, 44, 14, 0),
(167, 18, 14, 0),
(168, 32, 14, 0),
(169, 22, 14, 0),
(170, 50, 14, 0),
(171, 13, 14, 0),
(172, 20, 14, 0),
(173, 3, 14, 0),
(174, 1, 14, 0),
(175, 38, 14, 0),
(176, 9, 14, 0),
(177, 45, 14, 0),
(178, 24, 14, 0),
(179, 28, 14, 0),
(180, 8, 15, 0),
(181, 40, 15, 0),
(182, 31, 15, 0),
(183, 11, 15, 0),
(184, 30, 15, 0),
(185, 38, 15, 0),
(186, 48, 15, 0),
(187, 9, 15, 0),
(188, 16, 15, 0),
(189, 10, 15, 0),
(190, 35, 15, 0),
(191, 33, 15, 0),
(192, 48, 16, 0),
(193, 9, 16, 0),
(194, 35, 16, 0),
(195, 36, 16, 0),
(196, 24, 16, 0),
(197, 16, 16, 0),
(198, 45, 16, 0),
(199, 12, 16, 0),
(200, 39, 16, 0),
(201, 20, 16, 0),
(202, 5, 17, 0),
(203, 50, 17, 0),
(204, 8, 17, 0),
(205, 30, 17, 0),
(206, 37, 17, 0),
(207, 46, 17, 0),
(208, 45, 17, 0),
(209, 4, 17, 0),
(210, 28, 17, 0),
(211, 49, 17, 0),
(212, 41, 17, 0),
(213, 23, 17, 0),
(214, 15, 18, 0),
(215, 3, 18, 0),
(216, 38, 18, 0),
(217, 8, 18, 0),
(218, 37, 18, 0),
(219, 46, 18, 0),
(220, 18, 18, 0),
(221, 19, 18, 0),
(222, 20, 18, 0),
(223, 11, 18, 0),
(224, 32, 18, 0),
(225, 21, 18, 0),
(226, 42, 18, 0),
(227, 29, 18, 0),
(228, 31, 19, 0),
(229, 46, 19, 0),
(230, 19, 19, 0),
(231, 41, 19, 0),
(232, 28, 19, 0),
(233, 34, 19, 0),
(235, 13, 19, 0),
(236, 32, 19, 0),
(237, 48, 19, 0),
(238, 39, 19, 0),
(239, 30, 19, 0),
(240, 9, 19, 0),
(241, 37, 19, 0),
(242, 22, 20, 0),
(243, 47, 20, 0),
(244, 2, 20, 0),
(245, 19, 20, 0),
(246, 28, 20, 0),
(247, 31, 20, 0),
(248, 13, 20, 0),
(249, 41, 20, 0),
(250, 29, 20, 0),
(251, 26, 20, 0),
(252, 33, 20, 0),
(253, 31, 21, 0),
(254, 20, 21, 0),
(255, 5, 21, 0),
(256, 9, 21, 0),
(257, 44, 21, 0),
(258, 19, 21, 0),
(259, 39, 21, 0),
(260, 28, 21, 0),
(261, 37, 21, 0),
(262, 1, 21, 0),
(263, 11, 21, 0),
(264, 29, 21, 0),
(265, 34, 22, 0),
(266, 15, 22, 0),
(267, 36, 22, 0),
(268, 35, 22, 0),
(269, 5, 22, 0),
(270, 27, 22, 0),
(271, 25, 22, 0),
(272, 39, 22, 0),
(273, 45, 22, 0),
(274, 40, 22, 0),
(275, 28, 22, 0),
(276, 43, 22, 0),
(277, 42, 22, 0),
(278, 4, 23, 0),
(279, 22, 23, 0),
(280, 31, 23, 0),
(281, 33, 23, 0),
(282, 2, 23, 0),
(283, 21, 23, 0),
(284, 23, 23, 0),
(285, 32, 23, 0),
(286, 8, 23, 0),
(287, 41, 23, 0),
(288, 50, 24, 0),
(289, 47, 24, 0),
(290, 8, 24, 0),
(291, 23, 24, 0),
(292, 32, 24, 0),
(293, 40, 24, 0),
(294, 22, 24, 0),
(295, 26, 24, 0),
(296, 16, 24, 0),
(297, 46, 24, 0),
(298, 9, 24, 0),
(299, 1, 24, 0),
(300, 4, 24, 0),
(301, 42, 25, 0),
(302, 45, 25, 0),
(303, 41, 25, 0),
(304, 12, 25, 0),
(305, 4, 25, 0),
(306, 28, 25, 0),
(307, 32, 25, 0),
(308, 1, 25, 0),
(309, 25, 25, 0),
(310, 50, 25, 0),
(311, 47, 25, 0),
(312, 48, 25, 0),
(313, 36, 25, 0),
(314, 15, 25, 0),
(315, 23, 25, 0),
(316, 3, 26, 0),
(317, 29, 26, 0),
(318, 4, 26, 0),
(319, 12, 26, 0),
(320, 35, 26, 0),
(321, 28, 26, 0),
(322, 32, 26, 0),
(323, 44, 26, 0),
(324, 1, 26, 0),
(325, 22, 26, 0),
(326, 47, 26, 0),
(327, 6, 26, 0),
(328, 30, 26, 0),
(329, 28, 27, 0),
(330, 48, 27, 0),
(331, 27, 27, 0),
(332, 39, 27, 0),
(333, 19, 27, 0),
(334, 11, 27, 0),
(335, 29, 27, 0),
(336, 38, 27, 0),
(337, 8, 27, 0),
(338, 35, 27, 0),
(339, 42, 27, 0),
(340, 37, 27, 0),
(341, 37, 28, 0),
(342, 44, 28, 0),
(343, 21, 28, 0),
(344, 38, 28, 0),
(345, 29, 28, 0),
(346, 46, 28, 0),
(347, 28, 28, 0),
(348, 41, 28, 0),
(349, 7, 28, 0),
(350, 36, 28, 0),
(351, 12, 28, 0),
(352, 39, 28, 0),
(353, 19, 28, 0),
(354, 27, 28, 0),
(355, 14, 28, 0),
(356, 3, 29, 0),
(357, 31, 29, 0),
(358, 17, 29, 0),
(359, 41, 29, 0),
(360, 23, 29, 0),
(361, 33, 29, 0),
(362, 13, 29, 0),
(363, 43, 29, 0),
(364, 40, 29, 0),
(365, 47, 29, 0),
(366, 24, 29, 0),
(367, 22, 29, 0),
(368, 29, 30, 0),
(369, 46, 30, 0),
(370, 23, 30, 0),
(371, 50, 30, 0),
(372, 28, 30, 0),
(373, 13, 30, 0),
(374, 6, 30, 0),
(375, 41, 30, 0),
(376, 18, 30, 0),
(377, 2, 30, 0),
(378, 1, 30, 0),
(379, 48, 30, 0),
(380, 24, 31, 0),
(381, 47, 31, 0),
(382, 46, 31, 0),
(383, 35, 31, 0),
(384, 2, 31, 0),
(385, 21, 31, 0),
(386, 29, 31, 0),
(387, 41, 31, 0),
(388, 19, 31, 0),
(389, 5, 31, 0),
(390, 27, 31, 0),
(391, 35, 32, 0),
(392, 12, 32, 0),
(393, 10, 32, 0),
(394, 46, 32, 0),
(395, 40, 32, 0),
(396, 15, 32, 0),
(397, 37, 32, 0),
(398, 3, 32, 0),
(399, 36, 32, 0),
(400, 45, 32, 0),
(401, 28, 32, 0),
(402, 2, 32, 0),
(403, 24, 32, 0),
(404, 14, 33, 0),
(405, 11, 33, 0),
(406, 16, 33, 0),
(407, 49, 33, 0),
(408, 7, 33, 0),
(409, 45, 33, 0),
(410, 28, 33, 0),
(411, 38, 33, 0),
(412, 48, 33, 0),
(413, 35, 33, 0),
(414, 33, 33, 0),
(415, 50, 33, 0),
(416, 29, 33, 0),
(417, 47, 33, 0),
(418, 25, 34, 0),
(419, 40, 34, 0),
(420, 20, 34, 0),
(421, 1, 34, 0),
(422, 19, 34, 0),
(423, 35, 34, 0),
(424, 26, 34, 0),
(425, 22, 34, 0),
(426, 45, 34, 0),
(427, 8, 34, 0),
(428, 42, 34, 0),
(429, 28, 34, 0),
(430, 45, 35, 0),
(431, 19, 35, 0),
(432, 23, 35, 0),
(433, 5, 35, 0),
(434, 39, 35, 0),
(435, 1, 35, 0),
(436, 14, 35, 0),
(437, 6, 35, 0),
(438, 17, 35, 0),
(439, 34, 35, 0),
(440, 9, 35, 0),
(441, 25, 35, 0),
(442, 35, 35, 0),
(443, 41, 36, 0),
(444, 33, 36, 0),
(445, 1, 36, 0),
(446, 24, 36, 0),
(447, 47, 36, 0),
(448, 49, 36, 0),
(449, 21, 36, 0),
(450, 30, 36, 0),
(451, 3, 36, 0),
(452, 16, 36, 0),
(453, 32, 37, 0),
(454, 13, 37, 0),
(455, 25, 37, 0),
(456, 12, 37, 0),
(457, 41, 37, 0),
(458, 19, 37, 0),
(459, 34, 37, 0),
(460, 8, 37, 0),
(461, 29, 37, 0),
(462, 4, 37, 0),
(463, 46, 37, 0),
(464, 23, 37, 0),
(465, 38, 38, 0),
(466, 42, 38, 0),
(467, 26, 38, 0),
(468, 9, 38, 0),
(469, 29, 38, 0),
(470, 10, 38, 0),
(471, 46, 38, 0),
(472, 43, 38, 0),
(473, 8, 38, 0),
(474, 34, 38, 0),
(475, 22, 38, 0),
(476, 3, 38, 0),
(477, 6, 38, 0),
(478, 16, 38, 0),
(479, 27, 39, 0),
(480, 11, 39, 0),
(481, 46, 39, 0),
(482, 50, 39, 0),
(483, 25, 39, 0),
(484, 14, 39, 0),
(485, 24, 39, 0),
(486, 44, 39, 0),
(487, 12, 39, 0),
(488, 33, 39, 0),
(489, 9, 40, 0),
(490, 44, 40, 0),
(491, 4, 40, 0),
(492, 46, 40, 0),
(493, 8, 40, 0),
(494, 35, 40, 0),
(495, 36, 40, 0),
(496, 41, 40, 0),
(497, 47, 40, 0),
(498, 29, 40, 0),
(499, 15, 41, 0),
(500, 39, 41, 0),
(501, 18, 41, 0),
(502, 34, 41, 0),
(503, 31, 41, 0),
(504, 37, 41, 0),
(505, 13, 41, 0),
(506, 1, 41, 0),
(507, 49, 41, 0),
(508, 5, 41, 0),
(509, 40, 41, 0),
(510, 25, 41, 0),
(511, 36, 42, 0),
(512, 33, 42, 0),
(513, 12, 42, 0),
(514, 42, 42, 0),
(515, 48, 42, 0),
(516, 40, 42, 0),
(517, 13, 42, 0),
(518, 27, 42, 0),
(519, 32, 42, 0),
(520, 26, 42, 0),
(521, 32, 43, 0),
(522, 20, 43, 0),
(523, 17, 43, 0),
(524, 13, 43, 0),
(525, 29, 43, 0),
(526, 16, 43, 0),
(527, 28, 43, 0),
(528, 12, 43, 0),
(529, 31, 43, 0),
(530, 10, 43, 0),
(531, 19, 44, 0),
(532, 24, 44, 0),
(533, 31, 44, 0),
(534, 37, 44, 0),
(535, 22, 44, 0),
(536, 33, 44, 0),
(537, 11, 44, 0),
(538, 41, 44, 0),
(539, 23, 44, 0),
(540, 29, 44, 0),
(541, 3, 45, 0),
(542, 13, 45, 0),
(543, 20, 45, 0),
(544, 2, 45, 0),
(545, 22, 45, 0),
(546, 27, 45, 0),
(547, 48, 45, 0),
(548, 1, 45, 0),
(549, 46, 45, 0),
(550, 28, 45, 0),
(551, 39, 45, 0),
(552, 6, 45, 0),
(553, 3, 46, 0),
(554, 45, 46, 0),
(555, 43, 46, 0),
(556, 20, 46, 0),
(557, 12, 46, 0),
(558, 23, 46, 0),
(559, 1, 46, 0),
(560, 25, 46, 0),
(561, 35, 46, 0),
(562, 5, 46, 0),
(563, 26, 46, 0),
(564, 44, 46, 0),
(565, 11, 47, 0),
(566, 38, 47, 0),
(567, 12, 47, 0),
(568, 39, 47, 0),
(569, 46, 47, 0),
(570, 43, 47, 0),
(571, 6, 47, 0),
(572, 5, 47, 0),
(573, 33, 47, 0),
(574, 48, 47, 0),
(575, 21, 47, 0),
(576, 47, 47, 0),
(577, 45, 48, 0),
(578, 44, 48, 0),
(579, 4, 48, 0),
(580, 26, 48, 0),
(581, 42, 48, 0),
(582, 19, 48, 0),
(583, 47, 48, 0),
(584, 39, 48, 0),
(585, 46, 48, 0),
(586, 49, 48, 0),
(587, 3, 48, 0),
(588, 50, 48, 0),
(589, 17, 48, 0),
(590, 36, 48, 0),
(591, 23, 48, 0),
(592, 2, 49, 0),
(593, 4, 49, 0),
(594, 8, 49, 0),
(595, 7, 49, 0),
(596, 49, 49, 0),
(597, 6, 49, 0),
(598, 11, 49, 0),
(599, 47, 49, 0),
(600, 19, 49, 0),
(601, 3, 49, 0),
(602, 9, 49, 0),
(603, 16, 49, 0),
(604, 40, 49, 0),
(605, 33, 50, 0),
(606, 47, 50, 0),
(607, 45, 50, 0),
(608, 4, 50, 0),
(609, 1, 50, 0),
(610, 37, 50, 0),
(611, 20, 50, 0),
(612, 8, 50, 0),
(613, 46, 50, 0),
(614, 11, 50, 0),
(615, 5, 50, 0),
(616, 32, 50, 0),
(617, 12, 50, 0),
(618, 39, 50, 0),
(619, 22, 50, 0),
(620, 2, 52, 0),
(621, 2, 1, 0),
(627, 2, 47, 0),
(629, 2, 58, 1),
(630, 2, 18, 0),
(631, 54, 1, 0),
(635, 54, 58, 1),
(637, 2, 57, 0),
(638, 54, 57, 0);

--
-- Índices para tablas volcadas
--

--
-- Indices de la tabla `asistente`
--
ALTER TABLE `asistente`
  ADD PRIMARY KEY (`idAsistente`);

--
-- Indices de la tabla `evento`
--
ALTER TABLE `evento`
  ADD PRIMARY KEY (`idEvento`);

--
-- Indices de la tabla `participacion`
--
ALTER TABLE `participacion`
  ADD PRIMARY KEY (`idParticipacion`),
  ADD UNIQUE KEY `idAsistente` (`idAsistente`,`idEvento`),
  ADD UNIQUE KEY `participacion_id_asistente_id_evento` (`idAsistente`,`idEvento`),
  ADD KEY `idEvento` (`idEvento`);

--
-- AUTO_INCREMENT de las tablas volcadas
--

--
-- AUTO_INCREMENT de la tabla `asistente`
--
ALTER TABLE `asistente`
  MODIFY `idAsistente` int(11) NOT NULL AUTO_INCREMENT, AUTO_INCREMENT=57;

--
-- AUTO_INCREMENT de la tabla `evento`
--
ALTER TABLE `evento`
  MODIFY `idEvento` int(11) NOT NULL AUTO_INCREMENT, AUTO_INCREMENT=60;

--
-- AUTO_INCREMENT de la tabla `participacion`
--
ALTER TABLE `participacion`
  MODIFY `idParticipacion` int(11) NOT NULL AUTO_INCREMENT, AUTO_INCREMENT=641;

--
-- Restricciones para tablas volcadas
--

--
-- Filtros para la tabla `participacion`
--
ALTER TABLE `participacion`
  ADD CONSTRAINT `participacion_ibfk_1` FOREIGN KEY (`idEvento`) REFERENCES `evento` (`idEvento`),
  ADD CONSTRAINT `participacion_ibfk_2` FOREIGN KEY (`idAsistente`) REFERENCES `asistente` (`idAsistente`);
COMMIT;

/*!40101 SET CHARACTER_SET_CLIENT=@OLD_CHARACTER_SET_CLIENT */;
/*!40101 SET CHARACTER_SET_RESULTS=@OLD_CHARACTER_SET_RESULTS */;
/*!40101 SET COLLATION_CONNECTION=@OLD_COLLATION_CONNECTION */;
